<?xml version="1.0" encoding="UTF-8"?>
<metadata>
  <groupId>org.springframework.cloud</groupId>
  <artifactId>spring-cloud-security-dependencies</artifactId>
  <version>1.2.0.BUILD-SNAPSHOT</version>
  <versioning>
    <snapshot>
      <timestamp>20170222.064158</timestamp>
      <buildNumber>266</buildNumber>
    </snapshot>
    <lastUpdated>20170222064159</lastUpdated>
    <snapshotVersions>
      <snapshotVersion>
        <extension>pom.asc</extension>
        <value>1.2.0.BUILD-20170222.064158-266</value>
        <updated>20170222064158</updated>
      </snapshotVersion>
      <snapshotVersion>
        <extension>pom</extension>
        <value>1.2.0.BUILD-20170222.064158-266</value>
        <updated>20170222064158</updated>
      </snapshotVersion>
    </snapshotVersions>
  </versioning>
</metadata>
