<?xml version="1.0" encoding="UTF-8"?>
<metadata>
  <groupId>org.springframework.cloud</groupId>
  <artifactId>spring-cloud-config-dependencies</artifactId>
  <version>1.3.0.BUILD-SNAPSHOT</version>
  <versioning>
    <snapshot>
      <timestamp>20170222.090104</timestamp>
      <buildNumber>583</buildNumber>
    </snapshot>
    <lastUpdated>20170222090105</lastUpdated>
    <snapshotVersions>
      <snapshotVersion>
        <extension>pom.asc</extension>
        <value>1.3.0.BUILD-20170222.090104-583</value>
        <updated>20170222090104</updated>
      </snapshotVersion>
      <snapshotVersion>
        <extension>pom</extension>
        <value>1.3.0.BUILD-20170222.090104-583</value>
        <updated>20170222090104</updated>
      </snapshotVersion>
    </snapshotVersions>
  </versioning>
</metadata>
