<?xml version="1.0" encoding="UTF-8"?>
<metadata>
  <groupId>org.springframework.boot</groupId>
  <artifactId>spring-boot-maven-plugin</artifactId>
  <versioning>
    <latest>1.5.1.RELEASE</latest>
    <release>1.5.1.RELEASE</release>
    <versions>
      <version>1.0.0.RELEASE</version>
      <version>1.0.1.RELEASE</version>
      <version>1.0.2.RELEASE</version>
      <version>1.1.0.RELEASE</version>
      <version>1.1.1.RELEASE</version>
      <version>1.1.2.RELEASE</version>
      <version>1.1.3.RELEASE</version>
      <version>1.1.4.RELEASE</version>
      <version>1.1.5.RELEASE</version>
      <version>1.1.6.RELEASE</version>
      <version>1.1.7.RELEASE</version>
      <version>1.1.8.RELEASE</version>
      <version>1.1.9.RELEASE</version>
      <version>1.1.10.RELEASE</version>
      <version>1.1.11.RELEASE</version>
      <version>1.1.12.RELEASE</version>
      <version>1.2.0.RELEASE</version>
      <version>1.2.1.RELEASE</version>
      <version>1.2.2.RELEASE</version>
      <version>1.2.3.RELEASE</version>
      <version>1.2.4.RELEASE</version>
      <version>1.2.5.RELEASE</version>
      <version>1.2.6.RELEASE</version>
      <version>1.2.7.RELEASE</version>
      <version>1.2.8.RELEASE</version>
      <version>1.3.0.RELEASE</version>
      <version>1.3.1.RELEASE</version>
      <version>1.3.2.RELEASE</version>
      <version>1.3.3.RELEASE</version>
      <version>1.3.4.RELEASE</version>
      <version>1.3.5.RELEASE</version>
      <version>1.3.6.RELEASE</version>
      <version>1.3.7.RELEASE</version>
      <version>1.3.8.RELEASE</version>
      <version>1.4.0.RELEASE</version>
      <version>1.4.1.RELEASE</version>
      <version>1.4.2.RELEASE</version>
      <version>1.4.3.RELEASE</version>
      <version>1.4.4.RELEASE</version>
      <version>1.5.0.RELEASE</version>
      <version>1.5.1.RELEASE</version>
    </versions>
    <lastUpdated>20170130230901</lastUpdated>
  </versioning>
</metadata>
