<?xml version="1.0" encoding="UTF-8"?>
<metadata>
  <groupId>org.springframework.cloud</groupId>
  <artifactId>spring-cloud-commons-dependencies</artifactId>
  <version>1.2.0.BUILD-SNAPSHOT</version>
  <versioning>
    <snapshot>
      <timestamp>20170222.085050</timestamp>
      <buildNumber>976</buildNumber>
    </snapshot>
    <lastUpdated>20170222085050</lastUpdated>
    <snapshotVersions>
      <snapshotVersion>
        <extension>pom.asc</extension>
        <value>1.2.0.BUILD-20170222.085050-976</value>
        <updated>20170222085050</updated>
      </snapshotVersion>
      <snapshotVersion>
        <extension>pom</extension>
        <value>1.2.0.BUILD-20170222.085050-976</value>
        <updated>20170222085050</updated>
      </snapshotVersion>
    </snapshotVersions>
  </versioning>
</metadata>
