<?xml version="1.0" encoding="UTF-8"?>
<metadata>
  <groupId>org.springframework.cloud</groupId>
  <artifactId>spring-cloud-bus-dependencies</artifactId>
  <version>1.3.0.BUILD-SNAPSHOT</version>
  <versioning>
    <snapshot>
      <timestamp>20170222.074554</timestamp>
      <buildNumber>268</buildNumber>
    </snapshot>
    <lastUpdated>20170222074554</lastUpdated>
    <snapshotVersions>
      <snapshotVersion>
        <extension>pom.asc</extension>
        <value>1.3.0.BUILD-20170222.074554-268</value>
        <updated>20170222074554</updated>
      </snapshotVersion>
      <snapshotVersion>
        <extension>pom</extension>
        <value>1.3.0.BUILD-20170222.074554-268</value>
        <updated>20170222074554</updated>
      </snapshotVersion>
    </snapshotVersions>
  </versioning>
</metadata>
