<?xml version="1.0" encoding="UTF-8"?>
<metadata>
  <groupId>org.springframework.cloud</groupId>
  <artifactId>spring-cloud-vault-dependencies</artifactId>
  <version>1.0.0.BUILD-SNAPSHOT</version>
  <versioning>
    <snapshot>
      <timestamp>20170222.080831</timestamp>
      <buildNumber>1953</buildNumber>
    </snapshot>
    <lastUpdated>20170222080831</lastUpdated>
    <snapshotVersions>
      <snapshotVersion>
        <extension>pom.asc</extension>
        <value>1.0.0.BUILD-20170222.080831-1953</value>
        <updated>20170222080831</updated>
      </snapshotVersion>
      <snapshotVersion>
        <extension>pom</extension>
        <value>1.0.0.BUILD-20170222.080831-1953</value>
        <updated>20170222080831</updated>
      </snapshotVersion>
    </snapshotVersions>
  </versioning>
</metadata>
