<?xml version="1.0" encoding="UTF-8"?>
<metadata>
  <groupId>org.springframework.cloud</groupId>
  <artifactId>spring-cloud-starter-eureka</artifactId>
  <version>1.3.0.BUILD-SNAPSHOT</version>
  <versioning>
    <snapshot>
      <timestamp>20170222.080715</timestamp>
      <buildNumber>796</buildNumber>
    </snapshot>
    <lastUpdated>20170222080718</lastUpdated>
    <snapshotVersions>
      <snapshotVersion>
        <extension>pom.asc</extension>
        <value>1.3.0.BUILD-20170222.080715-796</value>
        <updated>20170222080715</updated>
      </snapshotVersion>
      <snapshotVersion>
        <classifier>sources</classifier>
        <extension>jar</extension>
        <value>1.3.0.BUILD-20170222.080715-796</value>
        <updated>20170222080715</updated>
      </snapshotVersion>
      <snapshotVersion>
        <extension>jar</extension>
        <value>1.3.0.BUILD-20170222.080715-796</value>
        <updated>20170222080715</updated>
      </snapshotVersion>
      <snapshotVersion>
        <extension>jar.asc</extension>
        <value>1.3.0.BUILD-20170222.080715-796</value>
        <updated>20170222080715</updated>
      </snapshotVersion>
      <snapshotVersion>
        <extension>pom</extension>
        <value>1.3.0.BUILD-20170222.080715-796</value>
        <updated>20170222080715</updated>
      </snapshotVersion>
      <snapshotVersion>
        <classifier>sources</classifier>
        <extension>jar.asc</extension>
        <value>1.3.0.BUILD-20170222.080715-796</value>
        <updated>20170222080715</updated>
      </snapshotVersion>
    </snapshotVersions>
  </versioning>
</metadata>
